,precision,recall,f1-score,support
0,1.0,1.0,1.0,420.0
1,0.7166666666666667,1.0,0.8349514563106796,129.0
2,0.0,0.0,0.0,51.0
accuracy,0.915,0.915,0.915,0.915
macro avg,0.5722222222222223,0.6666666666666666,0.6116504854368933,600.0
weighted avg,0.8540833333333334,0.915,0.8795145631067961,600.0
